{
  "full": {
    "easy": {
      "scores": [
        0.999,
        0.999,
        0.999,
        0.999,
        0.999,
        0.999,
        0.999,
        0.999,
        0.999,
        0.999,
        0.999,
        0.999,
        0.999,
        0.999,
        0.999,
        0.999,
        0.999,
        0.999,
        0.999,
        0.999,
        0.999,
        0.999,
        0.999,
        0.999,
        0.999,
        0.999,
        0.999,
        0.999,
        0.999,
        0.999,
        0.999,
        0.999,
        0.999,
        0.999,
        0.999,
        0.999,
        0.999,
        0.999,
        0.999,
        0.999
      ],
      "summary": {
        "n": 40,
        "mean": 0.999,
        "std": 0.0,
        "min": 0.999,
        "max": 0.999,
        "ci_low": 0.999,
        "ci_high": 0.999
      }
    },
    "medium": {
      "scores": [
        0.6937,
        0.6937,
        0.6937,
        0.6937,
        0.6937,
        0.6937,
        0.6937,
        0.6937,
        0.6937,
        0.6937,
        0.6937,
        0.6937,
        0.6937,
        0.6937,
        0.6937,
        0.6937,
        0.6937,
        0.6937,
        0.6937,
        0.6937,
        0.6937,
        0.6937,
        0.6937,
        0.6937,
        0.6937,
        0.6937,
        0.6937,
        0.6937,
        0.6937,
        0.6937,
        0.6937,
        0.6937,
        0.6937,
        0.6937,
        0.6937,
        0.6937,
        0.6937,
        0.6937,
        0.6937,
        0.6937
      ],
      "summary": {
        "n": 40,
        "mean": 0.6937,
        "std": 0.0,
        "min": 0.6937,
        "max": 0.6937,
        "ci_low": 0.6937,
        "ci_high": 0.6937
      }
    },
    "hard": {
      "scores": [
        0.4303,
        0.3996,
        0.4293,
        0.4474,
        0.4264,
        0.4448,
        0.4302,
        0.4319,
        0.3999,
        0.4302,
        0.4316,
        0.4421,
        0.4316,
        0.4432,
        0.4116,
        0.3943,
        0.4277,
        0.3868,
        0.4304,
        0.4461,
        0.4009,
        0.4316,
        0.4009,
        0.4227,
        0.4594,
        0.428,
        0.4471,
        0.3943,
        0.3599,
        0.4395,
        0.3907,
        0.4484,
        0.4457,
        0.3943,
        0.4319,
        0.3908,
        0.4406,
        0.3996,
        0.4036,
        0.4076
      ],
      "summary": {
        "n": 40,
        "mean": 0.42132249999999993,
        "std": 0.02252945066875572,
        "min": 0.3599,
        "max": 0.4594,
        "ci_low": 0.41420331250000003,
        "ci_high": 0.428143
      }
    }
  },
  "no_upi_micro_spend": {
    "easy": {
      "scores": [
        0.999,
        0.999,
        0.999,
        0.999,
        0.999,
        0.999,
        0.999,
        0.999,
        0.999,
        0.999,
        0.999,
        0.999,
        0.999,
        0.999,
        0.999,
        0.999,
        0.999,
        0.999,
        0.999,
        0.999,
        0.999,
        0.999,
        0.999,
        0.999,
        0.999,
        0.999,
        0.999,
        0.999,
        0.999,
        0.999,
        0.999,
        0.999,
        0.999,
        0.999,
        0.999,
        0.999,
        0.999,
        0.999,
        0.999,
        0.999
      ],
      "summary": {
        "n": 40,
        "mean": 0.999,
        "std": 0.0,
        "min": 0.999,
        "max": 0.999,
        "ci_low": 0.999,
        "ci_high": 0.999
      }
    },
    "medium": {
      "scores": [
        0.6937,
        0.6937,
        0.6937,
        0.6937,
        0.6937,
        0.6937,
        0.6937,
        0.6937,
        0.6937,
        0.6937,
        0.6937,
        0.6937,
        0.6937,
        0.6937,
        0.6937,
        0.6937,
        0.6937,
        0.6937,
        0.6937,
        0.6937,
        0.6937,
        0.6937,
        0.6937,
        0.6937,
        0.6937,
        0.6937,
        0.6937,
        0.6937,
        0.6937,
        0.6937,
        0.6937,
        0.6937,
        0.6937,
        0.6937,
        0.6937,
        0.6937,
        0.6937,
        0.6937,
        0.6937,
        0.6937
      ],
      "summary": {
        "n": 40,
        "mean": 0.6937,
        "std": 0.0,
        "min": 0.6937,
        "max": 0.6937,
        "ci_low": 0.6937,
        "ci_high": 0.6937
      }
    },
    "hard": {
      "scores": [
        0.4354,
        0.4869,
        0.473,
        0.5201,
        0.4674,
        0.4754,
        0.4581,
        0.4891,
        0.4789,
        0.4879,
        0.4904,
        0.4931,
        0.4847,
        0.5187,
        0.5032,
        0.472,
        0.4845,
        0.4727,
        0.4687,
        0.5136,
        0.4682,
        0.4931,
        0.4957,
        0.492,
        0.5187,
        0.5021,
        0.4647,
        0.4367,
        0.444,
        0.4832,
        0.4762,
        0.5112,
        0.4352,
        0.4797,
        0.5112,
        0.4888,
        0.5149,
        0.472,
        0.4856,
        0.4647
      ],
      "summary": {
        "n": 40,
        "mean": 0.48279249999999996,
        "std": 0.022426979945752386,
        "min": 0.4352,
        "max": 0.5201,
        "ci_low": 0.47593456249999994,
        "ci_high": 0.48966793750000004
      }
    }
  },
  "no_medical_emergency": {
    "easy": {
      "scores": [
        0.999,
        0.999,
        0.999,
        0.999,
        0.999,
        0.999,
        0.999,
        0.999,
        0.999,
        0.999,
        0.999,
        0.999,
        0.999,
        0.999,
        0.999,
        0.999,
        0.999,
        0.999,
        0.999,
        0.999,
        0.999,
        0.999,
        0.999,
        0.999,
        0.999,
        0.999,
        0.999,
        0.999,
        0.999,
        0.999,
        0.999,
        0.999,
        0.999,
        0.999,
        0.999,
        0.999,
        0.999,
        0.999,
        0.999,
        0.999
      ],
      "summary": {
        "n": 40,
        "mean": 0.999,
        "std": 0.0,
        "min": 0.999,
        "max": 0.999,
        "ci_low": 0.999,
        "ci_high": 0.999
      }
    },
    "medium": {
      "scores": [
        0.6862,
        0.6862,
        0.6862,
        0.6862,
        0.6862,
        0.6862,
        0.6862,
        0.6862,
        0.6862,
        0.6862,
        0.6862,
        0.6862,
        0.6862,
        0.6862,
        0.6862,
        0.6862,
        0.6862,
        0.6862,
        0.6862,
        0.6862,
        0.6862,
        0.6862,
        0.6862,
        0.6862,
        0.6862,
        0.6862,
        0.6862,
        0.6862,
        0.6862,
        0.6862,
        0.6862,
        0.6862,
        0.6862,
        0.6862,
        0.6862,
        0.6862,
        0.6862,
        0.6862,
        0.6862,
        0.6862
      ],
      "summary": {
        "n": 40,
        "mean": 0.6862,
        "std": 0.0,
        "min": 0.6862,
        "max": 0.6862,
        "ci_low": 0.6862,
        "ci_high": 0.6862
      }
    },
    "hard": {
      "scores": [
        0.5903,
        0.5737,
        0.5671,
        0.6035,
        0.5821,
        0.604,
        0.581,
        0.5968,
        0.5957,
        0.5741,
        0.604,
        0.604,
        0.5781,
        0.6131,
        0.582,
        0.6036,
        0.5821,
        0.605,
        0.589,
        0.6008,
        0.573,
        0.5633,
        0.603,
        0.5957,
        0.6268,
        0.5981,
        0.6048,
        0.6264,
        0.579,
        0.5755,
        0.6036,
        0.604,
        0.604,
        0.5848,
        0.604,
        0.595,
        0.6092,
        0.6038,
        0.5818,
        0.5837
      ],
      "summary": {
        "n": 40,
        "mean": 0.5937375,
        "std": 0.015017386291417058,
        "min": 0.5633,
        "max": 0.6268,
        "ci_low": 0.58887225,
        "ci_high": 0.5983530625000001
      }
    }
  },