{
  "easy": {
    "probe_day": 10,
    "n": 30,
    "checking_balance": {
      "std": 1347.9637476259065,
      "min": 25684.86,
      "max": 29920.690000000002
    },
    "upi_total_micro_spend": {
      "std": 505.3892377259288,
      "min": 279.0,
      "max": 2611.0
    },
    "net_worth": {
      "std": 2283.5853947764067,
      "min": 67513.74330831764,
      "max": 77803.04180146834
    },
    "episode_score": {
      "std": 0.0,
      "min": 0.999,
      "max": 0.999
    }
  },
  "medium": {
    "probe_day": 10,
    "n": 30,
    "checking_balance": {
      "std": 3288.4580809445,
      "min": 69765.67000000001,
      "max": 81929.8
    },
    "upi_total_micro_spend": {
      "std": 633.6248799611227,
      "min": 1045.0,
      "max": 4112.0
    },
    "net_worth": {
      "std": 3288.458080944495,
      "min": -325821.7036779308,
      "max": -313657.57367793086
    },
    "episode_score": {
      "std": 0.0,
      "min": 0.6937,
      "max": 0.6937
    }
  },
  "hard": {
    "probe_day": 10,
    "n": 30,
    "checking_balance": {
      "std": 2559.2336106069374,
      "min": 70041.33000000002,
      "max": 81290.7
    },
    "upi_total_micro_spend": {
      "std": 538.2663059229642,
      "min": 1318.0,
      "max": 3764.0
    },
    "net_worth": {
      "std": 2559.2336106069374,
      "min": -647167.6341160424,
      "max": -635918.2641160424
    },
    "episode_score": {
      "std": 0.022198612621036718,
      "min": 0.3599,
      "max": 0.4594
    }
  }
}